seed_idx,seed_alpha0_dec,seed_beta0_dec,seed_alpha0_hex,seed_beta0_hex,alpha0,beta0,alphaR,betaR,alpha0_hex,beta0_hex,alphaR_hex,betaR_hex,cw_total
768,59712,72,0xe940,0x48,59712.0,72.0,96.0,64.0,0xe940,0x48,0x60,0x40,7.0
496,38979,121,0x9843,0x79,38979.0,121.0,97.0,65.0,0x9843,0x79,0x61,0x41,7.0
963,42613,155,0xa675,0x9b,42613.0,155.0,25.0,17.0,0xa675,0x9b,0x19,0x11,8.0
544,7463,236,0x1d27,0xec,7463.0,236.0,12.0,8.0,0x1d27,0xec,0xc,0x8,8.0
138,32798,165,0x801e,0xa5,32798.0,165.0,7.0,5.0,0x801e,0xa5,0x7,0x5,8.0
142,15631,206,0x3d0f,0xce,15631.0,206.0,12.0,8.0,0x3d0f,0xce,0xc,0x8,8.0
991,5433,16879,0x1539,0x41ef,,,,,,,,,inf
990,57891,61683,0xe223,0xf0f3,,,,,,,,,inf
989,41194,10262,0xa0ea,0x2816,,,,,,,,,inf
988,5179,52411,0x143b,0xccbb,,,,,,,,,inf
987,42653,7203,0xa69d,0x1c23,,,,,,,,,inf
986,2733,4963,0xaad,0x1363,,,,,,,,,inf
985,27176,6537,0x6a28,0x1989,,,,,,,,,inf
984,50572,15464,0xc58c,0x3c68,,,,,,,,,inf
983,14077,60862,0x36fd,0xedbe,,,,,,,,,inf
982,51559,32402,0xc967,0x7e92,,,,,,,,,inf
981,38183,38867,0x9527,0x97d3,,,,,,,,,inf
980,20070,30285,0x4e66,0x764d,,,,,,,,,inf
979,5216,46596,0x1460,0xb604,,,,,,,,,inf
978,6798,48203,0x1a8e,0xbc4b,,,,,,,,,inf
977,46743,32010,0xb697,0x7d0a,,,,,,,,,inf
976,19999,37665,0x4e1f,0x9321,,,,,,,,,inf
15,31610,31037,0x7b7a,0x793d,,,,,,,,,inf
14,59385,42784,0xe7f9,0xa720,,,,,,,,,inf
13,28085,13497,0x6db5,0x34b9,,,,,,,,,inf
12,63948,18253,0xf9cc,0x474d,,,,,,,,,inf
11,53003,61380,0xcf0b,0xefc4,,,,,,,,,inf
10,17537,47714,0x4481,0xba62,,,,,,,,,inf
9,19053,41504,0x4a6d,0xa220,,,,,,,,,inf
8,56249,24932,0xdbb9,0x6164,,,,,,,,,inf
7,4748,12410,0x128c,0x307a,,,,,,,,,inf
6,35732,27719,0x8b94,0x6c47,,,,,,,,,inf
5,56591,50028,0xdd0f,0xc36c,,,,,,,,,inf
4,15017,17805,0x3aa9,0x458d,,,,,,,,,inf
3,20654,64609,0x50ae,0xfc61,,,,,,,,,inf
2,9397,2744,0x24b5,0xab8,,,,,,,,,inf
1,52778,9745,0xce2a,0x2611,,,,,,,,,inf
992,15483,19051,0x3c7b,0x4a6b,,,,,,,,,inf
47,10740,63602,0x29f4,0xf872,,,,,,,,,inf
46,42717,23611,0xa6dd,0x5c3b,,,,,,,,,inf
45,51452,58579,0xc8fc,0xe4d3,,,,,,,,,inf
44,5686,42570,0x1636,0xa64a,,,,,,,,,inf
43,6600,21173,0x19c8,0x52b5,,,,,,,,,inf
42,46190,45604,0xb46e,0xb224,,,,,,,,,inf
41,37330,33753,0x91d2,0x83d9,,,,,,,,,inf
40,28879,19838,0x70cf,0x4d7e,,,,,,,,,inf
39,9565,19488,0x255d,0x4c20,,,,,,,,,inf
38,5179,27772,0x143b,0x6c7c,,,,,,,,,inf
37,25432,58965,0x6358,0xe655,,,,,,,,,inf
36,47188,20851,0xb854,0x5173,,,,,,,,,inf
35,60181,44190,0xeb15,0xac9e,,,,,,,,,inf
34,56981,7858,0xde95,0x1eb2,,,,,,,,,inf
33,39682,8210,0x9b02,0x2012,,,,,,,,,inf
32,25396,40855,0x6334,0x9f97,,,,,,,,,inf
63,44486,65329,0xadc6,0xff31,,,,,,,,,inf
62,17375,25979,0x43df,0x657b,,,,,,,,,inf
61,10617,11731,0x2979,0x2dd3,,,,,,,,,inf
60,57880,60566,0xe218,0xec96,,,,,,,,,inf
59,59878,36913,0xe9e6,0x9031,,,,,,,,,inf
58,11231,63649,0x2bdf,0xf8a1,,,,,,,,,inf
57,37308,30093,0x91bc,0x758d,,,,,,,,,inf
56,25978,29011,0x657a,0x7153,,,,,,,,,inf
55,23779,22199,0x5ce3,0x56b7,,,,,,,,,inf
54,53770,19683,0xd20a,0x4ce3,,,,,,,,,inf
53,24527,42263,0x5fcf,0xa517,,,,,,,,,inf
52,26859,56018,0x68eb,0xdad2,,,,,,,,,inf
51,4385,50619,0x1121,0xc5bb,,,,,,,,,inf
50,11138,9230,0x2b82,0x240e,,,,,,,,,inf
49,34470,7898,0x86a6,0x1eda,,,,,,,,,inf
48,686,4129,0x2ae,0x1021,,,,,,,,,inf
79,48328,13069,0xbcc8,0x330d,,,,,,,,,inf
78,2250,64237,0x8ca,0xfaed,,,,,,,,,inf
77,24812,38248,0x60ec,0x9568,,,,,,,,,inf
76,16873,62535,0x41e9,0xf447,,,,,,,,,inf
75,17881,43318,0x45d9,0xa936,,,,,,,,,inf
74,55181,47512,0xd78d,0xb998,,,,,,,,,inf
73,8457,18412,0x2109,0x47ec,,,,,,,,,inf
72,37376,37438,0x9200,0x923e,,,,,,,,,inf
71,61705,29940,0xf109,0x74f4,,,,,,,,,inf
70,15002,42591,0x3a9a,0xa65f,,,,,,,,,inf
69,184,46356,0xb8,0xb514,,,,,,,,,inf
68,62461,12156,0xf3fd,0x2f7c,,,,,,,,,inf
67,54776,46329,0xd5f8,0xb4f9,,,,,,,,,inf
66,38699,34190,0x972b,0x858e,,,,,,,,,inf
65,50077,1284,0xc39d,0x504,,,,,,,,,inf
64,9915,60284,0x26bb,0xeb7c,,,,,,,,,inf
95,49536,44600,0xc180,0xae38,,,,,,,,,inf
94,46288,46460,0xb4d0,0xb57c,,,,,,,,,inf
93,16081,45940,0x3ed1,0xb374,,,,,,,,,inf
92,44833,21065,0xaf21,0x5249,,,,,,,,,inf
91,56216,57540,0xdb98,0xe0c4,,,,,,,,,inf
90,11039,35544,0x2b1f,0x8ad8,,,,,,,,,inf
89,43242,25766,0xa8ea,0x64a6,,,,,,,,,inf
88,63328,18096,0xf760,0x46b0,,,,,,,,,inf
87,48166,58046,0xbc26,0xe2be,,,,,,,,,inf
86,2005,23541,0x7d5,0x5bf5,,,,,,,,,inf
85,53812,33574,0xd234,0x8326,,,,,,,,,inf
84,28842,64573,0x70aa,0xfc3d,,,,,,,,,inf
83,61886,12190,0xf1be,0x2f9e,,,,,,,,,inf
82,56957,51061,0xde7d,0xc775,,,,,,,,,inf
81,59573,38830,0xe8b5,0x97ae,,,,,,,,,inf
80,63012,32778,0xf624,0x800a,,,,,,,,,inf
111,37287,29711,0x91a7,0x740f,,,,,,,,,inf
110,63815,3236,0xf947,0xca4,,,,,,,,,inf
109,45627,64643,0xb23b,0xfc83,,,,,,,,,inf
108,1304,20091,0x518,0x4e7b,,,,,,,,,inf
107,59398,57451,0xe806,0xe06b,,,,,,,,,inf
106,45867,59820,0xb32b,0xe9ac,,,,,,,,,inf
105,34393,31429,0x8659,0x7ac5,,,,,,,,,inf
104,41735,4253,0xa307,0x109d,,,,,,,,,inf
103,8912,35757,0x22d0,0x8bad,,,,,,,,,inf
102,42387,49114,0xa593,0xbfda,,,,,,,,,inf
101,29258,51123,0x724a,0xc7b3,,,,,,,,,inf
100,44066,26656,0xac22,0x6820,,,,,,,,,inf
99,34776,39242,0x87d8,0x994a,,,,,,,,,inf
98,32202,61669,0x7dca,0xf0e5,,,,,,,,,inf
97,21198,52870,0x52ce,0xce86,,,,,,,,,inf
96,39441,52601,0x9a11,0xcd79,,,,,,,,,inf
127,33342,9186,0x823e,0x23e2,,,,,,,,,inf
126,15528,42929,0x3ca8,0xa7b1,,,,,,,,,inf
125,32877,44050,0x806d,0xac12,,,,,,,,,inf
124,59434,16286,0xe82a,0x3f9e,,,,,,,,,inf
123,53883,6667,0xd27b,0x1a0b,,,,,,,,,inf
122,15172,12020,0x3b44,0x2ef4,,,,,,,,,inf
121,57279,44782,0xdfbf,0xaeee,,,,,,,,,inf
120,30361,8500,0x7699,0x2134,,,,,,,,,inf
119,26593,62323,0x67e1,0xf373,,,,,,,,,inf
118,53493,7893,0xd0f5,0x1ed5,,,,,,,,,inf
117,17049,29828,0x4299,0x7484,,,,,,,,,inf
116,9218,8936,0x2402,0x22e8,,,,,,,,,inf
115,41009,34552,0xa031,0x86f8,,,,,,,,,inf
114,57781,45512,0xe1b5,0xb1c8,,,,,,,,,inf
113,8256,8493,0x2040,0x212d,,,,,,,,,inf
112,42799,39763,0xa72f,0x9b53,,,,,,,,,inf
143,13114,50717,0x333a,0xc61d,,,,,,,,,inf
141,60102,24446,0xeac6,0x5f7e,,,,,,,,,inf
140,41346,62757,0xa182,0xf525,,,,,,,,,inf
139,32736,40694,0x7fe0,0x9ef6,,,,,,,,,inf
137,19579,51981,0x4c7b,0xcb0d,,,,,,,,,inf
136,4005,49259,0xfa5,0xc06b,,,,,,,,,inf
135,40163,20980,0x9ce3,0x51f4,,,,,,,,,inf
134,29449,24060,0x7309,0x5dfc,,,,,,,,,inf
133,26896,7631,0x6910,0x1dcf,,,,,,,,,inf
132,26338,63653,0x66e2,0xf8a5,,,,,,,,,inf
131,41912,63023,0xa3b8,0xf62f,,,,,,,,,inf
130,41312,16701,0xa160,0x413d,,,,,,,,,inf
129,13742,25159,0x35ae,0x6247,,,,,,,,,inf
128,55635,34032,0xd953,0x84f0,,,,,,,,,inf
159,59731,13707,0xe953,0x358b,,,,,,,,,inf
158,41469,31984,0xa1fd,0x7cf0,,,,,,,,,inf
157,13630,42568,0x353e,0xa648,,,,,,,,,inf
156,21357,29079,0x536d,0x7197,,,,,,,,,inf
155,23119,29240,0x5a4f,0x7238,,,,,,,,,inf
154,22096,4485,0x5650,0x1185,,,,,,,,,inf
153,8892,12156,0x22bc,0x2f7c,,,,,,,,,inf
152,63481,41796,0xf7f9,0xa344,,,,,,,,,inf
151,40051,3971,0x9c73,0xf83,,,,,,,,,inf
150,57921,13737,0xe241,0x35a9,,,,,,,,,inf
149,58177,20260,0xe341,0x4f24,,,,,,,,,inf
148,31373,54031,0x7a8d,0xd30f,,,,,,,,,inf
147,63233,18924,0xf701,0x49ec,,,,,,,,,inf
146,65260,7031,0xfeec,0x1b77,,,,,,,,,inf
145,24983,57538,0x6197,0xe0c2,,,,,,,,,inf
144,18028,32018,0x466c,0x7d12,,,,,,,,,inf
175,27004,22474,0x697c,0x57ca,,,,,,,,,inf
174,46879,23149,0xb71f,0x5a6d,,,,,,,,,inf
173,9239,13601,0x2417,0x3521,,,,,,,,,inf
172,27811,40130,0x6ca3,0x9cc2,,,,,,,,,inf
171,43134,21288,0xa87e,0x5328,,,,,,,,,inf
170,59492,63358,0xe864,0xf77e,,,,,,,,,inf
169,14654,34263,0x393e,0x85d7,,,,,,,,,inf
168,38205,6668,0x953d,0x1a0c,,,,,,,,,inf
167,33488,61556,0x82d0,0xf074,,,,,,,,,inf
166,6653,36541,0x19fd,0x8ebd,,,,,,,,,inf
165,7590,28646,0x1da6,0x6fe6,,,,,,,,,inf
164,50805,9030,0xc675,0x2346,,,,,,,,,inf
163,11164,6941,0x2b9c,0x1b1d,,,,,,,,,inf
162,8340,50279,0x2094,0xc467,,,,,,,,,inf
161,57810,41063,0xe1d2,0xa067,,,,,,,,,inf
160,10874,52691,0x2a7a,0xcdd3,,,,,,,,,inf
191,40990,65162,0xa01e,0xfe8a,,,,,,,,,inf
190,2884,29051,0xb44,0x717b,,,,,,,,,inf
189,145,53567,0x91,0xd13f,,,,,,,,,inf
188,50077,55057,0xc39d,0xd711,,,,,,,,,inf
187,64728,47629,0xfcd8,0xba0d,,,,,,,,,inf
186,20973,32030,0x51ed,0x7d1e,,,,,,,,,inf
185,39386,63955,0x99da,0xf9d3,,,,,,,,,inf
184,28897,681,0x70e1,0x2a9,,,,,,,,,inf
183,37867,25462,0x93eb,0x6376,,,,,,,,,inf
182,162,48801,0xa2,0xbea1,,,,,,,,,inf
181,42405,29143,0xa5a5,0x71d7,,,,,,,,,inf
180,55961,64672,0xda99,0xfca0,,,,,,,,,inf
179,24374,11248,0x5f36,0x2bf0,,,,,,,,,inf
178,7127,45060,0x1bd7,0xb004,,,,,,,,,inf
177,57265,63382,0xdfb1,0xf796,,,,,,,,,inf
176,60358,22576,0xebc6,0x5830,,,,,,,,,inf
207,56160,17550,0xdb60,0x448e,,,,,,,,,inf
206,38123,63613,0x94eb,0xf87d,,,,,,,,,inf
205,38254,20955,0x956e,0x51db,,,,,,,,,inf
204,9080,42222,0x2378,0xa4ee,,,,,,,,,inf
203,12925,19389,0x327d,0x4bbd,,,,,,,,,inf
202,30676,48932,0x77d4,0xbf24,,,,,,,,,inf
201,16596,22392,0x40d4,0x5778,,,,,,,,,inf
200,7640,30446,0x1dd8,0x76ee,,,,,,,,,inf
199,46646,34474,0xb636,0x86aa,,,,,,,,,inf
198,2749,28381,0xabd,0x6edd,,,,,,,,,inf
197,1232,40140,0x4d0,0x9ccc,,,,,,,,,inf
196,58895,17906,0xe60f,0x45f2,,,,,,,,,inf
195,35123,60572,0x8933,0xec9c,,,,,,,,,inf
194,405,30898,0x195,0x78b2,,,,,,,,,inf
193,47294,18988,0xb8be,0x4a2c,,,,,,,,,inf
192,62241,18214,0xf321,0x4726,,,,,,,,,inf
223,56365,7364,0xdc2d,0x1cc4,,,,,,,,,inf
222,3541,21423,0xdd5,0x53af,,,,,,,,,inf
221,21677,59541,0x54ad,0xe895,,,,,,,,,inf
220,13107,20131,0x3333,0x4ea3,,,,,,,,,inf
219,29912,45149,0x74d8,0xb05d,,,,,,,,,inf
218,18465,13739,0x4821,0x35ab,,,,,,,,,inf
217,3715,19026,0xe83,0x4a52,,,,,,,,,inf
216,42257,17598,0xa511,0x44be,,,,,,,,,inf
215,34427,44627,0x867b,0xae53,,,,,,,,,inf
214,47256,26246,0xb898,0x6686,,,,,,,,,inf
213,60112,28267,0xead0,0x6e6b,,,,,,,,,inf
212,58082,54383,0xe2e2,0xd46f,,,,,,,,,inf
211,7954,25375,0x1f12,0x631f,,,,,,,,,inf
210,16657,5334,0x4111,0x14d6,,,,,,,,,inf
209,2091,21965,0x82b,0x55cd,,,,,,,,,inf
208,7838,38327,0x1e9e,0x95b7,,,,,,,,,inf
239,20351,43838,0x4f7f,0xab3e,,,,,,,,,inf
238,6854,11463,0x1ac6,0x2cc7,,,,,,,,,inf
237,6159,59313,0x180f,0xe7b1,,,,,,,,,inf
236,3438,31209,0xd6e,0x79e9,,,,,,,,,inf
235,43250,53022,0xa8f2,0xcf1e,,,,,,,,,inf
234,37290,19629,0x91aa,0x4cad,,,,,,,,,inf
233,20268,41911,0x4f2c,0xa3b7,,,,,,,,,inf
232,31611,3810,0x7b7b,0xee2,,,,,,,,,inf
231,28058,40793,0x6d9a,0x9f59,,,,,,,,,inf
230,16339,49755,0x3fd3,0xc25b,,,,,,,,,inf
229,55172,48032,0xd784,0xbba0,,,,,,,,,inf
228,56477,58625,0xdc9d,0xe501,,,,,,,,,inf
227,20501,57431,0x5015,0xe057,,,,,,,,,inf
226,27754,40204,0x6c6a,0x9d0c,,,,,,,,,inf
225,57475,36285,0xe083,0x8dbd,,,,,,,,,inf
224,41018,41931,0xa03a,0xa3cb,,,,,,,,,inf
255,37299,47675,0x91b3,0xba3b,,,,,,,,,inf
254,10342,24682,0x2866,0x606a,,,,,,,,,inf
253,2878,9420,0xb3e,0x24cc,,,,,,,,,inf
252,40118,3815,0x9cb6,0xee7,,,,,,,,,inf
251,25069,64305,0x61ed,0xfb31,,,,,,,,,inf
250,39564,50500,0x9a8c,0xc544,,,,,,,,,inf
249,37558,26793,0x92b6,0x68a9,,,,,,,,,inf
248,58784,6212,0xe5a0,0x1844,,,,,,,,,inf
247,54958,29176,0xd6ae,0x71f8,,,,,,,,,inf
246,7476,65393,0x1d34,0xff71,,,,,,,,,inf
245,40581,50173,0x9e85,0xc3fd,,,,,,,,,inf
244,23972,64822,0x5da4,0xfd36,,,,,,,,,inf
243,23408,23463,0x5b70,0x5ba7,,,,,,,,,inf
242,60477,3916,0xec3d,0xf4c,,,,,,,,,inf
241,41652,45067,0xa2b4,0xb00b,,,,,,,,,inf
240,12907,65427,0x326b,0xff93,,,,,,,,,inf
271,5794,14081,0x16a2,0x3701,,,,,,,,,inf
270,33526,17203,0x82f6,0x4333,,,,,,,,,inf
269,29711,44840,0x740f,0xaf28,,,,,,,,,inf
268,14687,33090,0x395f,0x8142,,,,,,,,,inf
267,44075,39085,0xac2b,0x98ad,,,,,,,,,inf
266,9728,42556,0x2600,0xa63c,,,,,,,,,inf
265,4316,17885,0x10dc,0x45dd,,,,,,,,,inf
264,58372,22942,0xe404,0x599e,,,,,,,,,inf
263,4788,39198,0x12b4,0x991e,,,,,,,,,inf
262,50630,50691,0xc5c6,0xc603,,,,,,,,,inf
261,10569,18612,0x2949,0x48b4,,,,,,,,,inf
260,2321,40079,0x911,0x9c8f,,,,,,,,,inf
259,22617,42689,0x5859,0xa6c1,,,,,,,,,inf
258,29214,54318,0x721e,0xd42e,,,,,,,,,inf
257,40277,57572,0x9d55,0xe0e4,,,,,,,,,inf
256,35513,51965,0x8ab9,0xcafd,,,,,,,,,inf
287,31407,41301,0x7aaf,0xa155,,,,,,,,,inf
286,20099,25107,0x4e83,0x6213,,,,,,,,,inf
285,32737,2411,0x7fe1,0x96b,,,,,,,,,inf
284,49248,3040,0xc060,0xbe0,,,,,,,,,inf
283,39161,45796,0x98f9,0xb2e4,,,,,,,,,inf
282,882,32050,0x372,0x7d32,,,,,,,,,inf
281,142,40550,0x8e,0x9e66,,,,,,,,,inf
280,34979,39155,0x88a3,0x98f3,,,,,,,,,inf
279,36553,36074,0x8ec9,0x8cea,,,,,,,,,inf
278,8813,56006,0x226d,0xdac6,,,,,,,,,inf
277,45121,60556,0xb041,0xec8c,,,,,,,,,inf
276,41701,52324,0xa2e5,0xcc64,,,,,,,,,inf
275,11661,2258,0x2d8d,0x8d2,,,,,,,,,inf
274,7098,34290,0x1bba,0x85f2,,,,,,,,,inf
273,16122,2451,0x3efa,0x993,,,,,,,,,inf
272,62987,32210,0xf60b,0x7dd2,,,,,,,,,inf
303,30577,16712,0x7771,0x4148,,,,,,,,,inf
302,16485,6595,0x4065,0x19c3,,,,,,,,,inf
301,45918,3003,0xb35e,0xbbb,,,,,,,,,inf
300,2599,8982,0xa27,0x2316,,,,,,,,,inf
299,46161,61576,0xb451,0xf088,,,,,,,,,inf
298,50720,52933,0xc620,0xcec5,,,,,,,,,inf
297,41250,10313,0xa122,0x2849,,,,,,,,,inf
296,5933,34337,0x172d,0x8621,,,,,,,,,inf
295,55334,52067,0xd826,0xcb63,,,,,,,,,inf
294,51241,32054,0xc829,0x7d36,,,,,,,,,inf
293,46660,31025,0xb644,0x7931,,,,,,,,,inf
292,18544,19778,0x4870,0x4d42,,,,,,,,,inf
291,5462,6086,0x1556,0x17c6,,,,,,,,,inf
290,26389,49148,0x6715,0xbffc,,,,,,,,,inf
289,49564,20680,0xc19c,0x50c8,,,,,,,,,inf
288,51102,21319,0xc79e,0x5347,,,,,,,,,inf
319,17788,54035,0x457c,0xd313,,,,,,,,,inf
318,2181,4442,0x885,0x115a,,,,,,,,,inf
317,2882,30061,0xb42,0x756d,,,,,,,,,inf
316,37435,57423,0x923b,0xe04f,,,,,,,,,inf
315,31316,15821,0x7a54,0x3dcd,,,,,,,,,inf
314,3953,61844,0xf71,0xf194,,,,,,,,,inf
313,13323,51111,0x340b,0xc7a7,,,,,,,,,inf
312,28503,19290,0x6f57,0x4b5a,,,,,,,,,inf
311,6901,11157,0x1af5,0x2b95,,,,,,,,,inf
310,18496,27586,0x4840,0x6bc2,,,,,,,,,inf
309,34256,49706,0x85d0,0xc22a,,,,,,,,,inf
308,57199,54628,0xdf6f,0xd564,,,,,,,,,inf
307,64711,6079,0xfcc7,0x17bf,,,,,,,,,inf
306,49553,61915,0xc191,0xf1db,,,,,,,,,inf
305,26838,23376,0x68d6,0x5b50,,,,,,,,,inf
304,23819,55191,0x5d0b,0xd797,,,,,,,,,inf
335,13643,29137,0x354b,0x71d1,,,,,,,,,inf
334,22916,3381,0x5984,0xd35,,,,,,,,,inf
333,50952,16852,0xc708,0x41d4,,,,,,,,,inf
332,8338,1037,0x2092,0x40d,,,,,,,,,inf
331,60951,11368,0xee17,0x2c68,,,,,,,,,inf
330,2238,20487,0x8be,0x5007,,,,,,,,,inf
329,23247,42257,0x5acf,0xa511,,,,,,,,,inf
328,16424,5346,0x4028,0x14e2,,,,,,,,,inf
327,34008,5531,0x84d8,0x159b,,,,,,,,,inf
326,1312,29337,0x520,0x7299,,,,,,,,,inf
325,43275,29352,0xa90b,0x72a8,,,,,,,,,inf
324,5780,47730,0x1694,0xba72,,,,,,,,,inf
323,43391,27311,0xa97f,0x6aaf,,,,,,,,,inf
322,52044,48951,0xcb4c,0xbf37,,,,,,,,,inf
321,53899,39700,0xd28b,0x9b14,,,,,,,,,inf
320,46445,24905,0xb56d,0x6149,,,,,,,,,inf
351,49684,31980,0xc214,0x7cec,,,,,,,,,inf
350,26961,65480,0x6951,0xffc8,,,,,,,,,inf
349,20561,23308,0x5051,0x5b0c,,,,,,,,,inf
348,40459,37889,0x9e0b,0x9401,,,,,,,,,inf
347,19856,3085,0x4d90,0xc0d,,,,,,,,,inf
346,43198,20142,0xa8be,0x4eae,,,,,,,,,inf
345,44386,52265,0xad62,0xcc29,,,,,,,,,inf
344,45031,38202,0xafe7,0x953a,,,,,,,,,inf
343,64258,9369,0xfb02,0x2499,,,,,,,,,inf
342,11159,53713,0x2b97,0xd1d1,,,,,,,,,inf
341,59398,25015,0xe806,0x61b7,,,,,,,,,inf
340,16488,16430,0x4068,0x402e,,,,,,,,,inf
339,21175,50078,0x52b7,0xc39e,,,,,,,,,inf
338,54671,45664,0xd58f,0xb260,,,,,,,,,inf
337,4345,50819,0x10f9,0xc683,,,,,,,,,inf
336,23760,14073,0x5cd0,0x36f9,,,,,,,,,inf
367,41900,58411,0xa3ac,0xe42b,,,,,,,,,inf
366,53065,9422,0xcf49,0x24ce,,,,,,,,,inf
365,2235,48707,0x8bb,0xbe43,,,,,,,,,inf
364,60341,3841,0xebb5,0xf01,,,,,,,,,inf
363,44952,65436,0xaf98,0xff9c,,,,,,,,,inf
362,60573,58602,0xec9d,0xe4ea,,,,,,,,,inf
361,1746,9287,0x6d2,0x2447,,,,,,,,,inf
360,58656,36933,0xe520,0x9045,,,,,,,,,inf
359,61432,60135,0xeff8,0xeae7,,,,,,,,,inf
358,34682,11889,0x877a,0x2e71,,,,,,,,,inf
357,4544,17835,0x11c0,0x45ab,,,,,,,,,inf
356,46818,1032,0xb6e2,0x408,,,,,,,,,inf
355,27314,39446,0x6ab2,0x9a16,,,,,,,,,inf
354,37852,54687,0x93dc,0xd59f,,,,,,,,,inf
353,403,6494,0x193,0x195e,,,,,,,,,inf
352,20468,62692,0x4ff4,0xf4e4,,,,,,,,,inf
383,23308,45671,0x5b0c,0xb267,,,,,,,,,inf
382,17214,32995,0x433e,0x80e3,,,,,,,,,inf
381,46881,55230,0xb721,0xd7be,,,,,,,,,inf
380,15764,47812,0x3d94,0xbac4,,,,,,,,,inf
379,45353,13030,0xb129,0x32e6,,,,,,,,,inf
378,47342,55302,0xb8ee,0xd806,,,,,,,,,inf
377,2682,6128,0xa7a,0x17f0,,,,,,,,,inf
376,17171,4575,0x4313,0x11df,,,,,,,,,inf
375,28960,61797,0x7120,0xf165,,,,,,,,,inf
374,25365,29220,0x6315,0x7224,,,,,,,,,inf
373,15371,17646,0x3c0b,0x44ee,,,,,,,,,inf
372,23373,23216,0x5b4d,0x5ab0,,,,,,,,,inf
371,7178,48905,0x1c0a,0xbf09,,,,,,,,,inf
370,64282,4322,0xfb1a,0x10e2,,,,,,,,,inf
369,8462,14572,0x210e,0x38ec,,,,,,,,,inf
368,21691,48915,0x54bb,0xbf13,,,,,,,,,inf
399,24648,64179,0x6048,0xfab3,,,,,,,,,inf
398,4152,54753,0x1038,0xd5e1,,,,,,,,,inf
397,41388,8538,0xa1ac,0x215a,,,,,,,,,inf
396,26784,12317,0x68a0,0x301d,,,,,,,,,inf
395,22029,21833,0x560d,0x5549,,,,,,,,,inf
394,64284,24317,0xfb1c,0x5efd,,,,,,,,,inf
393,53590,62219,0xd156,0xf30b,,,,,,,,,inf
392,38236,65530,0x955c,0xfffa,,,,,,,,,inf
391,8215,46881,0x2017,0xb721,,,,,,,,,inf
390,23305,42422,0x5b09,0xa5b6,,,,,,,,,inf
389,31947,58391,0x7ccb,0xe417,,,,,,,,,inf
388,14827,18063,0x39eb,0x468f,,,,,,,,,inf
387,38668,7022,0x970c,0x1b6e,,,,,,,,,inf
386,6507,12071,0x196b,0x2f27,,,,,,,,,inf
385,58685,51079,0xe53d,0xc787,,,,,,,,,inf
384,64788,9948,0xfd14,0x26dc,,,,,,,,,inf
415,37016,49247,0x9098,0xc05f,,,,,,,,,inf
414,30722,61818,0x7802,0xf17a,,,,,,,,,inf
413,63587,55647,0xf863,0xd95f,,,,,,,,,inf
412,56603,31792,0xdd1b,0x7c30,,,,,,,,,inf
411,45864,49549,0xb328,0xc18d,,,,,,,,,inf
410,43027,5812,0xa813,0x16b4,,,,,,,,,inf
409,30970,60832,0x78fa,0xeda0,,,,,,,,,inf
408,52924,28926,0xcebc,0x70fe,,,,,,,,,inf
407,31437,12373,0x7acd,0x3055,,,,,,,,,inf
406,61812,42048,0xf174,0xa440,,,,,,,,,inf
405,26159,24243,0x662f,0x5eb3,,,,,,,,,inf
404,216,8333,0xd8,0x208d,,,,,,,,,inf
403,44585,43698,0xae29,0xaab2,,,,,,,,,inf
402,49602,64927,0xc1c2,0xfd9f,,,,,,,,,inf
401,21095,54166,0x5267,0xd396,,,,,,,,,inf
400,1887,33477,0x75f,0x82c5,,,,,,,,,inf
431,45286,16138,0xb0e6,0x3f0a,,,,,,,,,inf
430,54269,42467,0xd3fd,0xa5e3,,,,,,,,,inf
429,517,22136,0x205,0x5678,,,,,,,,,inf
428,30599,59629,0x7787,0xe8ed,,,,,,,,,inf
427,33874,14343,0x8452,0x3807,,,,,,,,,inf
426,28474,52557,0x6f3a,0xcd4d,,,,,,,,,inf
425,40119,43008,0x9cb7,0xa800,,,,,,,,,inf
424,58620,63226,0xe4fc,0xf6fa,,,,,,,,,inf
423,59388,62277,0xe7fc,0xf345,,,,,,,,,inf
422,48702,17209,0xbe3e,0x4339,,,,,,,,,inf
421,39204,48801,0x9924,0xbea1,,,,,,,,,inf
420,50713,2460,0xc619,0x99c,,,,,,,,,inf
419,47166,8391,0xb83e,0x20c7,,,,,,,,,inf
418,2810,11976,0xafa,0x2ec8,,,,,,,,,inf
417,27289,29846,0x6a99,0x7496,,,,,,,,,inf
416,57851,37623,0xe1fb,0x92f7,,,,,,,,,inf
447,12973,7736,0x32ad,0x1e38,,,,,,,,,inf
446,771,17631,0x303,0x44df,,,,,,,,,inf
445,5447,15049,0x1547,0x3ac9,,,,,,,,,inf
444,65083,57989,0xfe3b,0xe285,,,,,,,,,inf
443,47311,58786,0xb8cf,0xe5a2,,,,,,,,,inf
442,19613,4779,0x4c9d,0x12ab,,,,,,,,,inf
441,5685,9969,0x1635,0x26f1,,,,,,,,,inf
440,17418,561,0x440a,0x231,,,,,,,,,inf
439,51394,34254,0xc8c2,0x85ce,,,,,,,,,inf
438,27726,59667,0x6c4e,0xe913,,,,,,,,,inf
437,38449,53653,0x9631,0xd195,,,,,,,,,inf
436,17483,51777,0x444b,0xca41,,,,,,,,,inf
435,41265,46742,0xa131,0xb696,,,,,,,,,inf
434,59284,17388,0xe794,0x43ec,,,,,,,,,inf
433,5885,40131,0x16fd,0x9cc3,,,,,,,,,inf
432,5922,31605,0x1722,0x7b75,,,,,,,,,inf
463,53846,51955,0xd256,0xcaf3,,,,,,,,,inf
462,5189,11371,0x1445,0x2c6b,,,,,,,,,inf
461,60243,14964,0xeb53,0x3a74,,,,,,,,,inf
460,44592,2654,0xae30,0xa5e,,,,,,,,,inf
459,32001,59620,0x7d01,0xe8e4,,,,,,,,,inf
458,59602,64651,0xe8d2,0xfc8b,,,,,,,,,inf
457,29022,39018,0x715e,0x986a,,,,,,,,,inf
456,64451,52195,0xfbc3,0xcbe3,,,,,,,,,inf
455,24477,40314,0x5f9d,0x9d7a,,,,,,,,,inf
454,59905,32435,0xea01,0x7eb3,,,,,,,,,inf
453,50807,28445,0xc677,0x6f1d,,,,,,,,,inf
452,4736,49740,0x1280,0xc24c,,,,,,,,,inf
451,42947,64107,0xa7c3,0xfa6b,,,,,,,,,inf
450,46496,19454,0xb5a0,0x4bfe,,,,,,,,,inf
449,36401,54411,0x8e31,0xd48b,,,,,,,,,inf
448,37605,31099,0x92e5,0x797b,,,,,,,,,inf
479,22236,35558,0x56dc,0x8ae6,,,,,,,,,inf
478,7030,51597,0x1b76,0xc98d,,,,,,,,,inf
477,58280,27734,0xe3a8,0x6c56,,,,,,,,,inf
476,30172,46195,0x75dc,0xb473,,,,,,,,,inf
475,23638,34440,0x5c56,0x8688,,,,,,,,,inf
474,19777,35122,0x4d41,0x8932,,,,,,,,,inf
473,37245,53009,0x917d,0xcf11,,,,,,,,,inf
472,45732,29119,0xb2a4,0x71bf,,,,,,,,,inf
471,41120,7547,0xa0a0,0x1d7b,,,,,,,,,inf
470,48353,33847,0xbce1,0x8437,,,,,,,,,inf
469,55143,52400,0xd767,0xccb0,,,,,,,,,inf
468,6942,34837,0x1b1e,0x8815,,,,,,,,,inf
467,49339,38037,0xc0bb,0x9495,,,,,,,,,inf
466,42001,8524,0xa411,0x214c,,,,,,,,,inf
465,13551,12254,0x34ef,0x2fde,,,,,,,,,inf
464,3283,5571,0xcd3,0x15c3,,,,,,,,,inf
495,11887,7194,0x2e6f,0x1c1a,,,,,,,,,inf
494,37725,48256,0x935d,0xbc80,,,,,,,,,inf
493,14017,42223,0x36c1,0xa4ef,,,,,,,,,inf
492,55504,28194,0xd8d0,0x6e22,,,,,,,,,inf
491,56732,19926,0xdd9c,0x4dd6,,,,,,,,,inf
490,65034,51620,0xfe0a,0xc9a4,,,,,,,,,inf
489,47795,52238,0xbab3,0xcc0e,,,,,,,,,inf
488,16706,29545,0x4142,0x7369,,,,,,,,,inf
487,45004,43417,0xafcc,0xa999,,,,,,,,,inf
486,8255,29705,0x203f,0x7409,,,,,,,,,inf
485,5921,37298,0x1721,0x91b2,,,,,,,,,inf
484,58928,22178,0xe630,0x56a2,,,,,,,,,inf
483,4439,32147,0x1157,0x7d93,,,,,,,,,inf
482,64329,4371,0xfb49,0x1113,,,,,,,,,inf
481,55625,7789,0xd949,0x1e6d,,,,,,,,,inf
480,10983,20620,0x2ae7,0x508c,,,,,,,,,inf
511,45943,49173,0xb377,0xc015,,,,,,,,,inf
510,44721,11876,0xaeb1,0x2e64,,,,,,,,,inf
509,62344,33381,0xf388,0x8265,,,,,,,,,inf
508,9647,44208,0x25af,0xacb0,,,,,,,,,inf
507,64077,8362,0xfa4d,0x20aa,,,,,,,,,inf
506,58168,60830,0xe338,0xed9e,,,,,,,,,inf
505,44546,19742,0xae02,0x4d1e,,,,,,,,,inf
504,26435,37460,0x6743,0x9254,,,,,,,,,inf
503,16400,65114,0x4010,0xfe5a,,,,,,,,,inf
502,61805,15116,0xf16d,0x3b0c,,,,,,,,,inf
501,58625,4634,0xe501,0x121a,,,,,,,,,inf
500,20326,43375,0x4f66,0xa96f,,,,,,,,,inf
499,21299,8574,0x5333,0x217e,,,,,,,,,inf
498,38657,13972,0x9701,0x3694,,,,,,,,,inf
497,34061,49415,0x850d,0xc107,,,,,,,,,inf
527,58132,63554,0xe314,0xf842,,,,,,,,,inf
526,28148,22282,0x6df4,0x570a,,,,,,,,,inf
525,17999,35850,0x464f,0x8c0a,,,,,,,,,inf
524,45260,18830,0xb0cc,0x498e,,,,,,,,,inf
523,17363,61991,0x43d3,0xf227,,,,,,,,,inf
522,57280,59471,0xdfc0,0xe84f,,,,,,,,,inf
521,36233,57179,0x8d89,0xdf5b,,,,,,,,,inf
520,40606,14833,0x9e9e,0x39f1,,,,,,,,,inf
519,12831,11687,0x321f,0x2da7,,,,,,,,,inf
518,58519,59658,0xe497,0xe90a,,,,,,,,,inf
517,17483,34005,0x444b,0x84d5,,,,,,,,,inf
516,26561,38498,0x67c1,0x9662,,,,,,,,,inf
515,57701,62157,0xe165,0xf2cd,,,,,,,,,inf
514,48174,64389,0xbc2e,0xfb85,,,,,,,,,inf
513,44557,12676,0xae0d,0x3184,,,,,,,,,inf
512,60927,18097,0xedff,0x46b1,,,,,,,,,inf
543,6822,49333,0x1aa6,0xc0b5,,,,,,,,,inf
542,53927,22579,0xd2a7,0x5833,,,,,,,,,inf
541,58822,25490,0xe5c6,0x6392,,,,,,,,,inf
540,49125,18116,0xbfe5,0x46c4,,,,,,,,,inf
539,11575,42776,0x2d37,0xa718,,,,,,,,,inf
538,14551,40915,0x38d7,0x9fd3,,,,,,,,,inf
537,2526,12826,0x9de,0x321a,,,,,,,,,inf
536,36929,59625,0x9041,0xe8e9,,,,,,,,,inf
535,57396,2797,0xe034,0xaed,,,,,,,,,inf
534,21653,46036,0x5495,0xb3d4,,,,,,,,,inf
533,35920,2955,0x8c50,0xb8b,,,,,,,,,inf
532,7799,23848,0x1e77,0x5d28,,,,,,,,,inf
531,41895,51638,0xa3a7,0xc9b6,,,,,,,,,inf
530,5553,49870,0x15b1,0xc2ce,,,,,,,,,inf
529,31307,41122,0x7a4b,0xa0a2,,,,,,,,,inf
528,28727,14741,0x7037,0x3995,,,,,,,,,inf
559,42973,65135,0xa7dd,0xfe6f,,,,,,,,,inf
558,17305,3997,0x4399,0xf9d,,,,,,,,,inf
557,42860,54264,0xa76c,0xd3f8,,,,,,,,,inf
556,40280,46166,0x9d58,0xb456,,,,,,,,,inf
555,37180,2486,0x913c,0x9b6,,,,,,,,,inf
554,11034,54683,0x2b1a,0xd59b,,,,,,,,,inf
553,48654,53171,0xbe0e,0xcfb3,,,,,,,,,inf
552,28253,49768,0x6e5d,0xc268,,,,,,,,,inf
551,22360,4059,0x5758,0xfdb,,,,,,,,,inf
550,64237,49270,0xfaed,0xc076,,,,,,,,,inf
549,21427,9662,0x53b3,0x25be,,,,,,,,,inf
548,25620,59480,0x6414,0xe858,,,,,,,,,inf
547,49283,6836,0xc083,0x1ab4,,,,,,,,,inf
546,21515,49600,0x540b,0xc1c0,,,,,,,,,inf
545,29823,44446,0x747f,0xad9e,,,,,,,,,inf
575,43625,41781,0xaa69,0xa335,,,,,,,,,inf
574,64791,28195,0xfd17,0x6e23,,,,,,,,,inf
573,37529,44620,0x9299,0xae4c,,,,,,,,,inf
572,33522,45645,0x82f2,0xb24d,,,,,,,,,inf
571,39808,4933,0x9b80,0x1345,,,,,,,,,inf
570,22348,6161,0x574c,0x1811,,,,,,,,,inf
569,51909,62814,0xcac5,0xf55e,,,,,,,,,inf
568,60939,55728,0xee0b,0xd9b0,,,,,,,,,inf
567,56454,24089,0xdc86,0x5e19,,,,,,,,,inf
566,60360,60243,0xebc8,0xeb53,,,,,,,,,inf
565,27487,20193,0x6b5f,0x4ee1,,,,,,,,,inf
564,63062,50044,0xf656,0xc37c,,,,,,,,,inf
563,38929,49388,0x9811,0xc0ec,,,,,,,,,inf
562,47580,58303,0xb9dc,0xe3bf,,,,,,,,,inf
561,22733,37939,0x58cd,0x9433,,,,,,,,,inf
560,30895,65212,0x78af,0xfebc,,,,,,,,,inf
591,12179,5576,0x2f93,0x15c8,,,,,,,,,inf
590,35314,8694,0x89f2,0x21f6,,,,,,,,,inf
589,54260,3002,0xd3f4,0xbba,,,,,,,,,inf
588,11524,18195,0x2d04,0x4713,,,,,,,,,inf
587,54956,24611,0xd6ac,0x6023,,,,,,,,,inf
586,52196,30654,0xcbe4,0x77be,,,,,,,,,inf
585,3344,32938,0xd10,0x80aa,,,,,,,,,inf
584,55448,5262,0xd898,0x148e,,,,,,,,,inf
583,45848,49490,0xb318,0xc152,,,,,,,,,inf
582,35819,15433,0x8beb,0x3c49,,,,,,,,,inf
581,20224,1243,0x4f00,0x4db,,,,,,,,,inf
580,11013,61996,0x2b05,0xf22c,,,,,,,,,inf
579,64050,42437,0xfa32,0xa5c5,,,,,,,,,inf
578,44719,47371,0xaeaf,0xb90b,,,,,,,,,inf
577,48874,20546,0xbeea,0x5042,,,,,,,,,inf
576,45211,56842,0xb09b,0xde0a,,,,,,,,,inf
607,8653,29881,0x21cd,0x74b9,,,,,,,,,inf
606,30599,62511,0x7787,0xf42f,,,,,,,,,inf
605,17452,31003,0x442c,0x791b,,,,,,,,,inf
604,60584,58845,0xeca8,0xe5dd,,,,,,,,,inf
603,23675,46386,0x5c7b,0xb532,,,,,,,,,inf
602,5183,64850,0x143f,0xfd52,,,,,,,,,inf
601,52468,1431,0xccf4,0x597,,,,,,,,,inf
600,40967,52439,0xa007,0xccd7,,,,,,,,,inf
599,33830,49055,0x8426,0xbf9f,,,,,,,,,inf
598,54535,675,0xd507,0x2a3,,,,,,,,,inf
597,47954,62159,0xbb52,0xf2cf,,,,,,,,,inf
596,32457,22523,0x7ec9,0x57fb,,,,,,,,,inf
595,37700,37813,0x9344,0x93b5,,,,,,,,,inf
594,47336,30722,0xb8e8,0x7802,,,,,,,,,inf
593,46631,60671,0xb627,0xecff,,,,,,,,,inf
592,55618,65236,0xd942,0xfed4,,,,,,,,,inf
623,12589,56488,0x312d,0xdca8,,,,,,,,,inf
622,8904,16026,0x22c8,0x3e9a,,,,,,,,,inf
621,24845,1948,0x610d,0x79c,,,,,,,,,inf
620,48938,58350,0xbf2a,0xe3ee,,,,,,,,,inf
619,61209,32804,0xef19,0x8024,,,,,,,,,inf
618,61516,34488,0xf04c,0x86b8,,,,,,,,,inf
617,14235,1213,0x379b,0x4bd,,,,,,,,,inf
616,62349,4304,0xf38d,0x10d0,,,,,,,,,inf
615,4300,48448,0x10cc,0xbd40,,,,,,,,,inf
614,50691,15271,0xc603,0x3ba7,,,,,,,,,inf
613,33850,13772,0x843a,0x35cc,,,,,,,,,inf
612,24822,420,0x60f6,0x1a4,,,,,,,,,inf
611,11939,18159,0x2ea3,0x46ef,,,,,,,,,inf
610,24356,39039,0x5f24,0x987f,,,,,,,,,inf
609,228,54069,0xe4,0xd335,,,,,,,,,inf
608,33070,55075,0x812e,0xd723,,,,,,,,,inf
639,6507,24985,0x196b,0x6199,,,,,,,,,inf
638,47625,27296,0xba09,0x6aa0,,,,,,,,,inf
637,50302,61472,0xc47e,0xf020,,,,,,,,,inf
636,2348,54311,0x92c,0xd427,,,,,,,,,inf
635,52431,55338,0xcccf,0xd82a,,,,,,,,,inf
634,13246,28965,0x33be,0x7125,,,,,,,,,inf
633,51270,14983,0xc846,0x3a87,,,,,,,,,inf
632,49119,45036,0xbfdf,0xafec,,,,,,,,,inf
631,64417,56038,0xfba1,0xdae6,,,,,,,,,inf
630,4243,46841,0x1093,0xb6f9,,,,,,,,,inf
629,40180,50804,0x9cf4,0xc674,,,,,,,,,inf
628,64056,50616,0xfa38,0xc5b8,,,,,,,,,inf
627,14995,28627,0x3a93,0x6fd3,,,,,,,,,inf
626,30571,43008,0x776b,0xa800,,,,,,,,,inf
625,7932,8616,0x1efc,0x21a8,,,,,,,,,inf
624,3256,50305,0xcb8,0xc481,,,,,,,,,inf
655,11115,21141,0x2b6b,0x5295,,,,,,,,,inf
654,42455,57611,0xa5d7,0xe10b,,,,,,,,,inf
653,55476,65231,0xd8b4,0xfecf,,,,,,,,,inf
652,7193,60001,0x1c19,0xea61,,,,,,,,,inf
651,40289,38963,0x9d61,0x9833,,,,,,,,,inf
650,19830,16544,0x4d76,0x40a0,,,,,,,,,inf
649,11047,63575,0x2b27,0xf857,,,,,,,,,inf
648,17186,5268,0x4322,0x1494,,,,,,,,,inf
647,2578,22195,0xa12,0x56b3,,,,,,,,,inf
646,26252,6499,0x668c,0x1963,,,,,,,,,inf
645,11355,7224,0x2c5b,0x1c38,,,,,,,,,inf
644,55379,51314,0xd853,0xc872,,,,,,,,,inf
643,8587,34750,0x218b,0x87be,,,,,,,,,inf
642,44711,11981,0xaea7,0x2ecd,,,,,,,,,inf
641,63788,57208,0xf92c,0xdf78,,,,,,,,,inf
640,63864,44129,0xf978,0xac61,,,,,,,,,inf
671,15866,16127,0x3dfa,0x3eff,,,,,,,,,inf
670,6936,51816,0x1b18,0xca68,,,,,,,,,inf
669,60226,37762,0xeb42,0x9382,,,,,,,,,inf
668,53565,7827,0xd13d,0x1e93,,,,,,,,,inf
667,35193,4492,0x8979,0x118c,,,,,,,,,inf
666,38868,13224,0x97d4,0x33a8,,,,,,,,,inf
665,43442,3681,0xa9b2,0xe61,,,,,,,,,inf
664,24627,8509,0x6033,0x213d,,,,,,,,,inf
663,55123,21076,0xd753,0x5254,,,,,,,,,inf
662,16559,64584,0x40af,0xfc48,,,,,,,,,inf
661,41914,11215,0xa3ba,0x2bcf,,,,,,,,,inf
660,32755,4100,0x7ff3,0x1004,,,,,,,,,inf
659,56553,26145,0xdce9,0x6621,,,,,,,,,inf
658,14889,52955,0x3a29,0xcedb,,,,,,,,,inf
657,51298,61308,0xc862,0xef7c,,,,,,,,,inf
656,13038,26771,0x32ee,0x6893,,,,,,,,,inf
687,20703,54576,0x50df,0xd530,,,,,,,,,inf
686,22440,28682,0x57a8,0x700a,,,,,,,,,inf
685,104,45807,0x68,0xb2ef,,,,,,,,,inf
684,28776,19260,0x7068,0x4b3c,,,,,,,,,inf
683,18879,36535,0x49bf,0x8eb7,,,,,,,,,inf
682,24729,2168,0x6099,0x878,,,,,,,,,inf
681,24122,46591,0x5e3a,0xb5ff,,,,,,,,,inf
680,4401,46781,0x1131,0xb6bd,,,,,,,,,inf
679,8630,30458,0x21b6,0x76fa,,,,,,,,,inf
678,21193,60870,0x52c9,0xedc6,,,,,,,,,inf
677,21356,12118,0x536c,0x2f56,,,,,,,,,inf
676,3441,24912,0xd71,0x6150,,,,,,,,,inf
675,36205,18708,0x8d6d,0x4914,,,,,,,,,inf
674,12278,26126,0x2ff6,0x660e,,,,,,,,,inf
673,14382,33314,0x382e,0x8222,,,,,,,,,inf
672,37421,30799,0x922d,0x784f,,,,,,,,,inf
703,31090,27619,0x7972,0x6be3,,,,,,,,,inf
702,57779,43809,0xe1b3,0xab21,,,,,,,,,inf
701,45819,64460,0xb2fb,0xfbcc,,,,,,,,,inf
700,40669,11066,0x9edd,0x2b3a,,,,,,,,,inf
699,1095,31323,0x447,0x7a5b,,,,,,,,,inf
698,19223,25840,0x4b17,0x64f0,,,,,,,,,inf
697,31023,42916,0x792f,0xa7a4,,,,,,,,,inf
696,53561,484,0xd139,0x1e4,,,,,,,,,inf
695,493,17508,0x1ed,0x4464,,,,,,,,,inf
694,43223,38571,0xa8d7,0x96ab,,,,,,,,,inf
693,48085,36456,0xbbd5,0x8e68,,,,,,,,,inf
692,42115,20787,0xa483,0x5133,,,,,,,,,inf
691,6309,37151,0x18a5,0x911f,,,,,,,,,inf
690,14863,63944,0x3a0f,0xf9c8,,,,,,,,,inf
689,775,9783,0x307,0x2637,,,,,,,,,inf
688,9963,24248,0x26eb,0x5eb8,,,,,,,,,inf
719,25418,23119,0x634a,0x5a4f,,,,,,,,,inf
718,32340,40007,0x7e54,0x9c47,,,,,,,,,inf
717,27516,28864,0x6b7c,0x70c0,,,,,,,,,inf
716,42323,24250,0xa553,0x5eba,,,,,,,,,inf
715,25460,54219,0x6374,0xd3cb,,,,,,,,,inf
714,7780,34290,0x1e64,0x85f2,,,,,,,,,inf
713,62786,4203,0xf542,0x106b,,,,,,,,,inf
712,188,55442,0xbc,0xd892,,,,,,,,,inf
711,55797,21123,0xd9f5,0x5283,,,,,,,,,inf
710,56573,54002,0xdcfd,0xd2f2,,,,,,,,,inf
709,55338,34678,0xd82a,0x8776,,,,,,,,,inf
708,2633,17087,0xa49,0x42bf,,,,,,,,,inf
707,52024,2190,0xcb38,0x88e,,,,,,,,,inf
706,50117,65105,0xc3c5,0xfe51,,,,,,,,,inf
705,53207,60333,0xcfd7,0xebad,,,,,,,,,inf
704,8165,63933,0x1fe5,0xf9bd,,,,,,,,,inf
735,23591,454,0x5c27,0x1c6,,,,,,,,,inf
734,35394,10002,0x8a42,0x2712,,,,,,,,,inf
733,51292,44703,0xc85c,0xae9f,,,,,,,,,inf
732,63839,46197,0xf95f,0xb475,,,,,,,,,inf
731,8233,40163,0x2029,0x9ce3,,,,,,,,,inf
730,49448,64747,0xc128,0xfceb,,,,,,,,,inf
729,50684,57115,0xc5fc,0xdf1b,,,,,,,,,inf
728,39057,2257,0x9891,0x8d1,,,,,,,,,inf
727,37775,31944,0x938f,0x7cc8,,,,,,,,,inf
726,63508,43238,0xf814,0xa8e6,,,,,,,,,inf
725,14927,29159,0x3a4f,0x71e7,,,,,,,,,inf
724,44129,2098,0xac61,0x832,,,,,,,,,inf
723,39965,9027,0x9c1d,0x2343,,,,,,,,,inf
722,10539,60317,0x292b,0xeb9d,,,,,,,,,inf
721,35579,40597,0x8afb,0x9e95,,,,,,,,,inf
720,29027,64287,0x7163,0xfb1f,,,,,,,,,inf
751,20378,40136,0x4f9a,0x9cc8,,,,,,,,,inf
750,36035,52327,0x8cc3,0xcc67,,,,,,,,,inf
749,297,43152,0x129,0xa890,,,,,,,,,inf
748,27397,14698,0x6b05,0x396a,,,,,,,,,inf
747,41756,65186,0xa31c,0xfea2,,,,,,,,,inf
746,19149,56686,0x4acd,0xdd6e,,,,,,,,,inf
745,27635,40310,0x6bf3,0x9d76,,,,,,,,,inf
744,31838,18808,0x7c5e,0x4978,,,,,,,,,inf
743,48655,63525,0xbe0f,0xf825,,,,,,,,,inf
742,50288,54867,0xc470,0xd653,,,,,,,,,inf
741,35530,47143,0x8aca,0xb827,,,,,,,,,inf
740,22891,11947,0x596b,0x2eab,,,,,,,,,inf
739,19268,48593,0x4b44,0xbdd1,,,,,,,,,inf
738,46817,3052,0xb6e1,0xbec,,,,,,,,,inf
737,15747,49961,0x3d83,0xc329,,,,,,,,,inf
736,37500,1851,0x927c,0x73b,,,,,,,,,inf
767,20141,792,0x4ead,0x318,,,,,,,,,inf
766,9013,22945,0x2335,0x59a1,,,,,,,,,inf
765,21977,40343,0x55d9,0x9d97,,,,,,,,,inf
764,58139,36918,0xe31b,0x9036,,,,,,,,,inf
763,26011,7583,0x659b,0x1d9f,,,,,,,,,inf
762,5677,7661,0x162d,0x1ded,,,,,,,,,inf
761,25043,7943,0x61d3,0x1f07,,,,,,,,,inf
760,5195,59493,0x144b,0xe865,,,,,,,,,inf
759,15920,8752,0x3e30,0x2230,,,,,,,,,inf
758,38374,14092,0x95e6,0x370c,,,,,,,,,inf
757,46752,41870,0xb6a0,0xa38e,,,,,,,,,inf
756,5160,43282,0x1428,0xa912,,,,,,,,,inf
755,59548,58007,0xe89c,0xe297,,,,,,,,,inf
754,7540,37188,0x1d74,0x9144,,,,,,,,,inf
753,20297,63232,0x4f49,0xf700,,,,,,,,,inf
752,15597,2963,0x3ced,0xb93,,,,,,,,,inf
783,47745,3177,0xba81,0xc69,,,,,,,,,inf
782,57015,41369,0xdeb7,0xa199,,,,,,,,,inf
781,53874,63736,0xd272,0xf8f8,,,,,,,,,inf
780,1455,27501,0x5af,0x6b6d,,,,,,,,,inf
779,6489,59463,0x1959,0xe847,,,,,,,,,inf
778,33213,41905,0x81bd,0xa3b1,,,,,,,,,inf
777,25585,39266,0x63f1,0x9962,,,,,,,,,inf
776,10055,57279,0x2747,0xdfbf,,,,,,,,,inf
775,55896,9339,0xda58,0x247b,,,,,,,,,inf
774,2320,51710,0x910,0xc9fe,,,,,,,,,inf
773,55782,13852,0xd9e6,0x361c,,,,,,,,,inf
772,42277,45011,0xa525,0xafd3,,,,,,,,,inf
771,26250,25231,0x668a,0x628f,,,,,,,,,inf
770,56763,17245,0xddbb,0x435d,,,,,,,,,inf
769,20425,44278,0x4fc9,0xacf6,,,,,,,,,inf
799,19251,4557,0x4b33,0x11cd,,,,,,,,,inf
798,41186,59177,0xa0e2,0xe729,,,,,,,,,inf
797,31972,8931,0x7ce4,0x22e3,,,,,,,,,inf
796,61921,59409,0xf1e1,0xe811,,,,,,,,,inf
795,61424,64052,0xeff0,0xfa34,,,,,,,,,inf
794,12527,18185,0x30ef,0x4709,,,,,,,,,inf
793,62567,32551,0xf467,0x7f27,,,,,,,,,inf
792,25264,8981,0x62b0,0x2315,,,,,,,,,inf
791,32101,21176,0x7d65,0x52b8,,,,,,,,,inf
790,32178,53682,0x7db2,0xd1b2,,,,,,,,,inf
789,22743,57587,0x58d7,0xe0f3,,,,,,,,,inf
788,53618,32995,0xd172,0x80e3,,,,,,,,,inf
787,46169,48495,0xb459,0xbd6f,,,,,,,,,inf
786,27187,56812,0x6a33,0xddec,,,,,,,,,inf
785,8655,17796,0x21cf,0x4584,,,,,,,,,inf
784,7394,55271,0x1ce2,0xd7e7,,,,,,,,,inf
815,23474,33204,0x5bb2,0x81b4,,,,,,,,,inf
814,14948,7105,0x3a64,0x1bc1,,,,,,,,,inf
813,20421,20672,0x4fc5,0x50c0,,,,,,,,,inf
812,50541,39063,0xc56d,0x9897,,,,,,,,,inf
811,2071,37792,0x817,0x93a0,,,,,,,,,inf
810,60755,21993,0xed53,0x55e9,,,,,,,,,inf
809,23142,61268,0x5a66,0xef54,,,,,,,,,inf
808,36136,40088,0x8d28,0x9c98,,,,,,,,,inf
807,7221,50980,0x1c35,0xc724,,,,,,,,,inf
806,13602,53719,0x3522,0xd1d7,,,,,,,,,inf
805,84,40700,0x54,0x9efc,,,,,,,,,inf
804,45054,57326,0xaffe,0xdfee,,,,,,,,,inf
803,25875,61569,0x6513,0xf081,,,,,,,,,inf
802,1179,47316,0x49b,0xb8d4,,,,,,,,,inf
801,20621,7121,0x508d,0x1bd1,,,,,,,,,inf
800,53157,6802,0xcfa5,0x1a92,,,,,,,,,inf
831,47183,4535,0xb84f,0x11b7,,,,,,,,,inf
830,58691,23560,0xe543,0x5c08,,,,,,,,,inf
829,4472,52805,0x1178,0xce45,,,,,,,,,inf
828,47825,26260,0xbad1,0x6694,,,,,,,,,inf
827,11435,14690,0x2cab,0x3962,,,,,,,,,inf
826,9023,5640,0x233f,0x1608,,,,,,,,,inf
825,17457,20766,0x4431,0x511e,,,,,,,,,inf
824,42285,17327,0xa52d,0x43af,,,,,,,,,inf
823,27618,45641,0x6be2,0xb249,,,,,,,,,inf
822,6727,7246,0x1a47,0x1c4e,,,,,,,,,inf
821,3214,42282,0xc8e,0xa52a,,,,,,,,,inf
820,51314,24242,0xc872,0x5eb2,,,,,,,,,inf
819,31830,47934,0x7c56,0xbb3e,,,,,,,,,inf
818,4058,62679,0xfda,0xf4d7,,,,,,,,,inf
817,28084,56694,0x6db4,0xdd76,,,,,,,,,inf
816,3252,17997,0xcb4,0x464d,,,,,,,,,inf
847,48350,52776,0xbcde,0xce28,,,,,,,,,inf
846,49079,64734,0xbfb7,0xfcde,,,,,,,,,inf
845,65424,12695,0xff90,0x3197,,,,,,,,,inf
844,45716,2031,0xb294,0x7ef,,,,,,,,,inf
843,9968,49695,0x26f0,0xc21f,,,,,,,,,inf
842,9657,8224,0x25b9,0x2020,,,,,,,,,inf
841,24774,39678,0x60c6,0x9afe,,,,,,,,,inf
840,60486,59602,0xec46,0xe8d2,,,,,,,,,inf
839,1933,610,0x78d,0x262,,,,,,,,,inf
838,31854,52003,0x7c6e,0xcb23,,,,,,,,,inf
837,6869,47341,0x1ad5,0xb8ed,,,,,,,,,inf
836,19786,15669,0x4d4a,0x3d35,,,,,,,,,inf
835,65191,64913,0xfea7,0xfd91,,,,,,,,,inf
834,9671,56082,0x25c7,0xdb12,,,,,,,,,inf
833,32273,21035,0x7e11,0x522b,,,,,,,,,inf
832,9866,57927,0x268a,0xe247,,,,,,,,,inf
863,27517,38612,0x6b7d,0x96d4,,,,,,,,,inf
862,19397,58019,0x4bc5,0xe2a3,,,,,,,,,inf
861,59125,38292,0xe6f5,0x9594,,,,,,,,,inf
860,52517,45060,0xcd25,0xb004,,,,,,,,,inf
859,15668,5155,0x3d34,0x1423,,,,,,,,,inf
858,7775,50202,0x1e5f,0xc41a,,,,,,,,,inf
857,22111,49656,0x565f,0xc1f8,,,,,,,,,inf
856,24745,46949,0x60a9,0xb765,,,,,,,,,inf
855,11617,56227,0x2d61,0xdba3,,,,,,,,,inf
854,22363,43191,0x575b,0xa8b7,,,,,,,,,inf
853,2924,38838,0xb6c,0x97b6,,,,,,,,,inf
852,37421,39303,0x922d,0x9987,,,,,,,,,inf
851,59414,28129,0xe816,0x6de1,,,,,,,,,inf
850,23218,35832,0x5ab2,0x8bf8,,,,,,,,,inf
849,56291,48920,0xdbe3,0xbf18,,,,,,,,,inf
848,22136,49599,0x5678,0xc1bf,,,,,,,,,inf
879,65463,48586,0xffb7,0xbdca,,,,,,,,,inf
878,46748,23913,0xb69c,0x5d69,,,,,,,,,inf
877,16828,32418,0x41bc,0x7ea2,,,,,,,,,inf
876,64399,44524,0xfb8f,0xadec,,,,,,,,,inf
875,60348,49974,0xebbc,0xc336,,,,,,,,,inf
874,16604,42217,0x40dc,0xa4e9,,,,,,,,,inf
873,58021,20298,0xe2a5,0x4f4a,,,,,,,,,inf
872,21031,39503,0x5227,0x9a4f,,,,,,,,,inf
871,30258,2650,0x7632,0xa5a,,,,,,,,,inf
870,51482,4450,0xc91a,0x1162,,,,,,,,,inf
869,47371,41506,0xb90b,0xa222,,,,,,,,,inf
868,8433,35231,0x20f1,0x899f,,,,,,,,,inf
867,29294,48465,0x726e,0xbd51,,,,,,,,,inf
866,10890,21653,0x2a8a,0x5495,,,,,,,,,inf
865,2134,49311,0x856,0xc09f,,,,,,,,,inf
864,67,62264,0x43,0xf338,,,,,,,,,inf
895,25548,39043,0x63cc,0x9883,,,,,,,,,inf
894,28024,723,0x6d78,0x2d3,,,,,,,,,inf
893,48813,43251,0xbead,0xa8f3,,,,,,,,,inf
892,45781,8062,0xb2d5,0x1f7e,,,,,,,,,inf
891,15579,48423,0x3cdb,0xbd27,,,,,,,,,inf
890,45679,23752,0xb26f,0x5cc8,,,,,,,,,inf
889,15202,18815,0x3b62,0x497f,,,,,,,,,inf
888,19846,33627,0x4d86,0x835b,,,,,,,,,inf
887,3301,15701,0xce5,0x3d55,,,,,,,,,inf
886,64714,25766,0xfcca,0x64a6,,,,,,,,,inf
885,8827,51645,0x227b,0xc9bd,,,,,,,,,inf
884,19487,41101,0x4c1f,0xa08d,,,,,,,,,inf
883,49506,45794,0xc162,0xb2e2,,,,,,,,,inf
882,32522,35091,0x7f0a,0x8913,,,,,,,,,inf
881,59707,20086,0xe93b,0x4e76,,,,,,,,,inf
880,42506,41230,0xa60a,0xa10e,,,,,,,,,inf
911,7226,3829,0x1c3a,0xef5,,,,,,,,,inf
910,4112,59349,0x1010,0xe7d5,,,,,,,,,inf
909,55910,37181,0xda66,0x913d,,,,,,,,,inf
908,51267,59088,0xc843,0xe6d0,,,,,,,,,inf
907,38956,3688,0x982c,0xe68,,,,,,,,,inf
906,63691,40466,0xf8cb,0x9e12,,,,,,,,,inf
905,46597,39711,0xb605,0x9b1f,,,,,,,,,inf
904,42222,59046,0xa4ee,0xe6a6,,,,,,,,,inf
903,37615,13464,0x92ef,0x3498,,,,,,,,,inf
902,1784,6905,0x6f8,0x1af9,,,,,,,,,inf
901,10105,47358,0x2779,0xb8fe,,,,,,,,,inf
900,13130,35233,0x334a,0x89a1,,,,,,,,,inf
899,38421,59089,0x9615,0xe6d1,,,,,,,,,inf
898,20298,40349,0x4f4a,0x9d9d,,,,,,,,,inf
897,31060,45556,0x7954,0xb1f4,,,,,,,,,inf
896,25671,52633,0x6447,0xcd99,,,,,,,,,inf
927,5960,20492,0x1748,0x500c,,,,,,,,,inf
926,9882,17065,0x269a,0x42a9,,,,,,,,,inf
925,7487,43791,0x1d3f,0xab0f,,,,,,,,,inf
924,10157,451,0x27ad,0x1c3,,,,,,,,,inf
923,1565,15143,0x61d,0x3b27,,,,,,,,,inf
922,1758,28886,0x6de,0x70d6,,,,,,,,,inf
921,40564,47836,0x9e74,0xbadc,,,,,,,,,inf
920,179,15581,0xb3,0x3cdd,,,,,,,,,inf
919,32728,42943,0x7fd8,0xa7bf,,,,,,,,,inf
918,22295,57812,0x5717,0xe1d4,,,,,,,,,inf
917,2032,35837,0x7f0,0x8bfd,,,,,,,,,inf
916,42231,15994,0xa4f7,0x3e7a,,,,,,,,,inf
915,2644,20591,0xa54,0x506f,,,,,,,,,inf
914,10688,36744,0x29c0,0x8f88,,,,,,,,,inf
913,41407,6096,0xa1bf,0x17d0,,,,,,,,,inf
912,4553,6674,0x11c9,0x1a12,,,,,,,,,inf
943,31066,54960,0x795a,0xd6b0,,,,,,,,,inf
942,9648,3770,0x25b0,0xeba,,,,,,,,,inf
941,48520,33529,0xbd88,0x82f9,,,,,,,,,inf
940,19701,36954,0x4cf5,0x905a,,,,,,,,,inf
939,20697,33879,0x50d9,0x8457,,,,,,,,,inf
938,29205,56068,0x7215,0xdb04,,,,,,,,,inf
937,46792,65048,0xb6c8,0xfe18,,,,,,,,,inf
936,60340,27210,0xebb4,0x6a4a,,,,,,,,,inf
935,43892,39018,0xab74,0x986a,,,,,,,,,inf
934,49952,55022,0xc320,0xd6ee,,,,,,,,,inf
933,26500,5777,0x6784,0x1691,,,,,,,,,inf
932,19063,8129,0x4a77,0x1fc1,,,,,,,,,inf
931,63134,20929,0xf69e,0x51c1,,,,,,,,,inf
930,33911,5214,0x8477,0x145e,,,,,,,,,inf
929,3171,18148,0xc63,0x46e4,,,,,,,,,inf
928,19191,42876,0x4af7,0xa77c,,,,,,,,,inf
959,24031,49115,0x5ddf,0xbfdb,,,,,,,,,inf
958,6793,41157,0x1a89,0xa0c5,,,,,,,,,inf
957,41647,33854,0xa2af,0x843e,,,,,,,,,inf
956,18532,11450,0x4864,0x2cba,,,,,,,,,inf
955,20326,56123,0x4f66,0xdb3b,,,,,,,,,inf
954,9619,57472,0x2593,0xe080,,,,,,,,,inf
953,61506,51436,0xf042,0xc8ec,,,,,,,,,inf
952,13492,25886,0x34b4,0x651e,,,,,,,,,inf
951,14986,11707,0x3a8a,0x2dbb,,,,,,,,,inf
950,15314,6616,0x3bd2,0x19d8,,,,,,,,,inf
949,31714,43466,0x7be2,0xa9ca,,,,,,,,,inf
948,658,14322,0x292,0x37f2,,,,,,,,,inf
947,15573,26494,0x3cd5,0x677e,,,,,,,,,inf
946,49939,49774,0xc313,0xc26e,,,,,,,,,inf
945,41284,13542,0xa144,0x34e6,,,,,,,,,inf
944,13832,43120,0x3608,0xa870,,,,,,,,,inf
975,41137,43927,0xa0b1,0xab97,,,,,,,,,inf
974,27983,59863,0x6d4f,0xe9d7,,,,,,,,,inf
973,6229,22618,0x1855,0x585a,,,,,,,,,inf
972,8230,14776,0x2026,0x39b8,,,,,,,,,inf
971,46153,36403,0xb449,0x8e33,,,,,,,,,inf
970,27884,15202,0x6cec,0x3b62,,,,,,,,,inf
969,10016,26918,0x2720,0x6926,,,,,,,,,inf
968,39162,21500,0x98fa,0x53fc,,,,,,,,,inf
967,27711,4881,0x6c3f,0x1311,,,,,,,,,inf
966,37611,9114,0x92eb,0x239a,,,,,,,,,inf
965,50877,16237,0xc6bd,0x3f6d,,,,,,,,,inf
964,33441,43243,0x82a1,0xa8eb,,,,,,,,,inf
962,30101,2808,0x7595,0xaf8,,,,,,,,,inf
961,37780,22127,0x9394,0x566f,,,,,,,,,inf
960,59898,21381,0xe9fa,0x5385,,,,,,,,,inf
31,37206,9778,0x9156,0x2632,,,,,,,,,inf
30,140,2247,0x8c,0x8c7,,,,,,,,,inf
29,52639,51395,0xcd9f,0xc8c3,,,,,,,,,inf
28,52957,47880,0xcedd,0xbb08,,,,,,,,,inf
27,13138,297,0x3352,0x129,,,,,,,,,inf
26,63236,41969,0xf704,0xa3f1,,,,,,,,,inf
25,8892,55725,0x22bc,0xd9ad,,,,,,,,,inf
24,32469,62453,0x7ed5,0xf3f5,,,,,,,,,inf
23,17661,46649,0x44fd,0xb639,,,,,,,,,inf
22,57185,59934,0xdf61,0xea1e,,,,,,,,,inf
21,4264,31922,0x10a8,0x7cb2,,,,,,,,,inf
20,47188,40548,0xb854,0x9e64,,,,,,,,,inf
19,4284,4911,0x10bc,0x132f,,,,,,,,,inf
18,23604,64525,0x5c34,0xfc0d,,,,,,,,,inf
17,59675,58506,0xe91b,0xe48a,,,,,,,,,inf
16,27217,46184,0x6a51,0xb468,,,,,,,,,inf
993,47042,7142,0xb7c2,0x1be6,,,,,,,,,inf
994,8034,38792,0x1f62,0x9788,,,,,,,,,inf
995,9812,3762,0x2654,0xeb2,,,,,,,,,inf
996,18687,32058,0x48ff,0x7d3a,,,,,,,,,inf
997,35844,26248,0x8c04,0x6688,,,,,,,,,inf
998,33947,31906,0x849b,0x7ca2,,,,,,,,,inf
999,33795,22021,0x8403,0x5605,,,,,,,,,inf
0,59609,1053,0xe8d9,0x41d,,,,,,,,,inf
